,City,Country,Date,Latitude,Longitude,Maximum Temperature,Wind Speed,Humidity,Cloudiness
0,port elizabeth,ZA,1605238282,-33.92,25.57,62.6,9.17,93,0
1,mahebourg,MU,1605238282,-20.41,57.7,73.4,3.36,88,40
2,sao paulo de olivenca,BR,1605238283,-3.38,-68.87,73.53,3.0,98,94
3,ribeira grande,PT,1605238283,38.52,-28.7,63.93,5.75,84,40
4,airai,TL,1605238283,-8.93,125.41,82.94,4.25,37,87
5,rikitea,PF,1605238283,-23.12,-134.97,74.59,16.87,76,64
6,guacimo,CR,1605238284,10.21,-83.68,71.6,1.12,94,90
7,leopold,AU,1605238284,-38.18,144.47,66.2,17.22,63,90
8,port alfred,ZA,1605238284,-33.59,26.89,65.28,20.74,83,0
9,samarai,PG,1605238275,-10.62,150.67,80.96,13.47,69,1
10,vaini,TO,1605238285,-21.2,-175.2,82.4,10.29,78,20
11,tuktoyaktuk,CA,1605238285,69.45,-133.04,3.2,9.17,84,90
12,carnarvon,AU,1605238285,-24.87,113.63,73.4,14.99,56,0
13,butaritari,KI,1605238286,3.07,172.79,81.48,11.63,73,75
14,kolyvan,RU,1605238286,55.31,82.74,24.8,15.66,79,90
15,ornskoldsvik,SE,1605238286,63.29,18.72,37.4,2.24,93,100
16,albany,US,1605238023,42.6,-73.97,39.99,4.32,70,100
17,takoradi,GH,1605238287,4.88,-1.76,78.19,4.21,86,0
18,gwanda,ZW,1605238287,-20.93,29.0,62.76,12.01,76,13
19,hofn,IS,1605238287,64.25,-15.21,42.31,11.61,83,32
20,kodiak,US,1605238287,57.79,-152.41,39.2,19.46,51,1
21,arraial do cabo,BR,1605238165,-22.97,-42.03,72.03,12.46,95,100
22,codrington,AU,1605238288,-38.27,141.97,60.58,12.77,77,96
23,kushiro,JP,1605238288,42.98,144.37,48.2,9.17,76,75
24,mar del plata,AR,1605238288,-38.0,-57.56,64.99,6.93,82,0
25,mataura,NZ,1605238288,-46.19,168.86,75.34,9.93,22,0
26,soe,ID,1605238288,-9.86,124.28,92.59,10.33,25,2
27,rudnogorsk,RU,1605238289,57.26,103.75,26.67,3.04,97,100
28,atuona,PF,1605238289,-9.8,-139.03,78.15,12.46,73,33
29,santiago de cao,PE,1605238289,-7.96,-79.24,61.77,11.27,92,49
30,bhatkal,IN,1605238289,13.97,74.57,83.88,6.62,67,64
31,nikolskoye,RU,1605238289,59.7,30.79,37.99,2.24,86,75
32,ushuaia,AR,1605238064,-54.8,-68.3,53.6,16.11,34,40
33,giyon,ET,1605238290,8.53,37.98,53.47,10.83,62,0
34,klaksvik,FO,1605238277,62.23,-6.59,46.4,16.11,87,100
35,laguna,US,1605238280,38.42,-121.42,50.0,2.28,65,1
36,ozernovskiy,RU,1605238290,51.5,156.52,38.46,6.35,89,99
37,yining,CN,1605238291,29.04,114.56,71.73,5.95,36,0
38,east wenatchee bench,US,1605238291,47.43,-120.28,37.0,8.05,87,90
39,new norfolk,AU,1605238291,-42.78,147.06,72.0,8.01,34,68
40,moose factory,CA,1605238291,51.26,-80.61,26.6,3.36,92,90
41,hobyo,SO,1605238291,5.35,48.53,80.1,16.24,73,36
42,ostrovnoy,RU,1605238292,68.05,39.51,28.49,9.91,97,46
43,kapaa,US,1605238292,22.08,-159.32,78.8,17.22,65,20
44,cabo san lucas,MX,1605238178,22.89,-109.91,72.0,10.29,60,5
45,yellowknife,CA,1605238244,62.46,-114.35,12.0,4.7,92,5
46,shimoda,JP,1605238293,34.67,138.95,62.6,11.41,67,20
47,doume,CM,1605238293,4.23,13.45,67.33,1.79,85,94
48,dikson,RU,1605238293,73.51,80.55,1.83,5.64,94,97
49,hobart,AU,1605238208,-42.88,147.33,72.0,10.29,45,75
50,saskylakh,RU,1605237697,71.92,114.08,-11.81,1.36,89,79
51,ilulissat,GL,1605238046,69.22,-51.1,21.2,10.29,62,98
52,bethel,US,1605238269,41.37,-73.41,46.4,4.7,70,90
53,flinders,AU,1605238268,-34.58,150.86,73.99,7.54,73,100
54,sherlovaya gora,RU,1605238294,50.57,116.25,22.71,4.25,92,4
55,bluff,NZ,1605238294,-46.6,168.33,61.54,6.44,55,0
56,nuuk,GL,1605238295,64.18,-51.72,24.8,1.12,92,100
57,itigi,TZ,1605238295,-5.7,34.48,69.01,8.7,71,66
58,mango,US,1605238295,27.98,-82.31,77.0,4.43,78,75
59,mocuba,MZ,1605238295,-16.84,36.99,73.15,7.29,87,77
60,nanortalik,GL,1605238296,60.14,-45.24,30.61,8.93,85,100
61,hilo,US,1605238216,19.73,-155.09,73.4,8.05,78,90
62,thompson,CA,1605238296,55.74,-97.86,-9.4,3.36,76,5
63,kenai,US,1605238296,60.55,-151.26,33.8,3.47,86,90
64,busselton,AU,1605238296,-33.65,115.33,64.0,1.99,68,94
65,jamestown,US,1605238235,42.1,-79.24,37.4,8.05,69,1
66,lagoa,PT,1605238297,39.05,-27.98,63.9,9.51,86,38
67,abalak,RU,1605238297,58.13,68.59,20.25,3.67,98,100
68,vila franca do campo,PT,1605238297,37.72,-25.43,59.0,3.36,77,40
69,nouadhibou,MR,1605238297,20.93,-17.03,69.8,8.05,64,0
70,barrow,US,1605238298,71.29,-156.79,10.4,6.93,78,90
71,kaya,BF,1605238298,13.09,-1.08,71.78,8.72,22,0
72,pacific grove,US,1605238064,36.62,-121.92,50.0,3.36,70,1
73,ayan,RU,1605238298,56.45,138.17,27.66,17.6,97,100
74,atbasar,KZ,1605238299,51.8,68.33,21.25,15.73,95,41
75,pingliang,CN,1605238299,35.54,106.69,52.84,9.33,65,92
76,hermanus,ZA,1605238299,-34.42,19.23,66.99,4.0,64,0
77,portland,US,1605238229,45.52,-122.68,48.0,9.17,75,90
78,bredasdorp,ZA,1605238299,-34.53,20.04,66.99,4.0,64,0
79,upernavik,GL,1605238300,72.79,-56.15,14.34,24.43,93,100
80,ahipara,NZ,1605237653,-35.17,173.17,65.34,2.57,66,57
81,yagodnoye,RU,1605238300,62.55,149.67,-13.86,1.9,84,0
82,komsomolskiy,UZ,1605238300,40.43,71.72,41.0,9.17,93,75
83,punta arenas,CL,1605238300,-53.15,-70.92,48.2,21.92,61,0
84,carahue,CL,1605238301,-38.7,-73.17,50.0,2.24,100,0
85,touros,BR,1605238301,-5.2,-35.46,77.0,10.29,83,20
86,vestmannaeyjar,IS,1605238301,63.44,-20.27,42.04,9.6,74,60
87,kolokani,ML,1605238301,13.57,-8.03,70.43,11.48,22,0
88,east london,ZA,1605238301,-33.02,27.91,64.4,13.87,88,0
89,muros,ES,1605237754,42.78,-9.06,48.99,5.26,96,17
90,vikhorevka,RU,1605238302,56.12,101.16,32.0,6.71,91,40
91,nur,PL,1605238302,52.67,22.32,41.0,3.0,82,100
92,port blair,IN,1605238302,11.67,92.75,84.4,13.0,72,18
93,mitsamiouli,KM,1605238302,-11.38,43.28,79.59,4.47,73,99
94,sept-iles,CA,1605238303,50.2,-66.38,35.01,4.7,80,20
95,puerto ayora,EC,1605238303,-0.74,-90.35,66.99,3.0,96,98
96,idritsa,RU,1605238303,56.33,28.9,31.46,6.64,97,45
97,beberibe,BR,1605238303,-4.18,-38.13,80.6,11.41,78,20
98,saldanha,ZA,1605238304,-33.01,17.94,59.0,6.93,87,13
99,prado,BR,1605238304,-17.34,-39.22,73.8,10.29,84,100
100,rio grande,BR,1605238304,-32.03,-52.1,66.0,7.14,95,53
101,nouakchott,MR,1605238304,18.09,-15.98,73.4,6.93,17,0
102,provideniya,RU,1605238304,64.38,-173.3,30.2,15.66,74,90
103,yatou,CN,1605238305,37.15,122.38,60.01,11.56,50,0
104,vao,NC,1605238305,-22.67,167.48,74.3,10.65,84,100
105,taoudenni,ML,1605238305,22.68,-3.98,72.09,15.79,23,0
106,souillac,MU,1605238305,-20.52,57.52,73.4,3.36,88,40
107,castro,BR,1605238233,-24.79,-50.01,60.19,2.98,96,3
108,khatanga,RU,1605238306,71.97,102.5,-12.46,6.58,90,0
109,rio gallegos,AR,1605238306,-51.62,-69.22,50.0,12.75,53,40
110,saint george,US,1605238130,37.1,-113.58,48.0,5.82,42,20
111,qaanaaq,GL,1605238306,77.48,-69.36,12.78,9.22,81,100
112,maumere,ID,1605238306,-8.62,122.21,87.71,3.04,62,42
113,pag,HR,1605238307,44.45,15.06,46.4,1.12,100,40
114,los llanos de aridane,ES,1605238307,28.66,-17.92,69.8,3.36,88,0
115,korla,CN,1605238307,41.76,86.15,47.93,3.89,41,0
116,longyearbyen,SJ,1605237409,78.22,15.64,33.8,16.11,69,40
117,hasaki,JP,1605238307,35.73,140.83,68.0,6.93,63,20
118,farah,AF,1605238308,32.5,62.5,54.54,3.96,64,100
119,praia da vitoria,PT,1605238308,38.73,-27.07,57.2,6.17,93,40
120,avarua,CK,1605238308,-21.21,-159.78,80.6,9.17,69,50
121,san cristobal,VE,1605238309,7.77,-72.22,67.08,1.21,91,98
122,geraldton,AU,1605237709,-28.77,114.6,75.2,12.75,57,75
123,ishigaki,JP,1605238309,24.34,124.16,73.4,21.92,100,75
124,kampene,CD,1605238309,-3.6,26.67,68.25,3.47,98,100
125,cherskiy,RU,1605238310,68.75,161.3,1.27,5.23,93,98
126,senador guiomard,BR,1605238310,-10.15,-67.74,78.8,4.7,94,40
127,owase,JP,1605238310,34.07,136.2,65.39,4.45,65,56
128,cidreira,BR,1605238310,-30.18,-50.21,66.85,5.12,94,1
129,nan,TH,1605238310,18.83,100.67,82.4,6.93,58,0
130,usinsk,RU,1605238311,65.99,57.53,1.78,5.37,93,0
131,podor,MR,1605238311,16.65,-14.96,80.29,10.42,16,0
132,lavrentiya,RU,1605238311,65.58,-171.0,25.99,24.72,93,100
133,tasiilaq,GL,1605238311,65.61,-37.64,23.0,3.36,57,78
134,shenjiamen,CN,1605238311,29.96,122.3,65.46,14.54,69,6
135,le port,RE,1605238312,-20.94,55.29,77.0,5.82,69,0
136,bermejo,AR,1605238312,-32.88,-68.8,69.8,8.05,56,40
137,aklavik,CA,1605238312,68.22,-135.01,-4.0,8.05,83,100
138,tiksi,RU,1605238312,71.69,128.87,0.52,2.8,94,98
139,lebu,CL,1605238312,-37.62,-73.65,52.95,7.47,94,100
140,hare bay,CA,1605238313,48.85,-54.01,37.4,5.82,77,76
141,severo-kurilsk,RU,1605238313,50.68,156.12,40.51,9.66,86,99
142,kachug,RU,1605238313,53.96,105.88,30.99,0.49,88,98
143,diapaga,BF,1605238235,12.07,1.79,71.96,5.97,28,31
144,norman wells,CA,1605237725,65.28,-126.83,6.8,10.29,77,90
145,cape town,ZA,1605238313,-33.93,18.42,62.6,8.05,72,0
146,pevek,RU,1605238051,69.7,170.31,6.67,4.5,94,54
147,ustyuzhna,RU,1605238314,58.84,36.43,33.55,5.08,94,100
148,leningradskiy,RU,1605238314,69.38,178.42,15.04,12.62,94,100
149,semporna,MY,1605238314,4.48,118.61,87.8,6.93,70,40
150,torbay,CA,1605238314,47.67,-52.73,45.0,6.93,80,40
151,nadym,RU,1605238315,65.53,72.52,-3.69,7.29,92,86
152,jinxiang,CN,1605238315,27.43,120.61,68.65,14.9,61,11
153,kendari,ID,1605238315,-3.94,122.5,90.09,6.93,53,13
154,dicabisagan,PH,1605238315,17.08,122.42,81.95,2.33,77,100
155,wanning,CN,1605238315,18.8,110.4,77.29,18.45,64,35
156,mount isa,AU,1605238316,-20.73,139.5,102.2,12.75,26,20
157,dzaoudzi,YT,1605238316,-12.79,45.27,77.0,4.7,88,0
158,bengkulu,ID,1605238316,-3.8,102.27,87.84,5.03,59,51
159,cervo,ES,1605238316,43.67,-7.41,52.0,1.01,84,59
160,chapais,CA,1605238316,49.78,-74.85,33.8,8.05,74,90
161,satinka,RU,1605238317,52.38,41.68,28.51,6.33,98,0
162,arlit,NE,1605238317,18.74,7.39,67.82,7.25,27,78
163,smithers,CA,1605238140,54.78,-127.17,30.2,1.81,100,90
164,tuy hoa,VN,1605238230,13.08,109.3,78.78,16.67,74,99
165,kruisfontein,ZA,1605238317,-34.0,24.73,64.53,5.28,73,0
166,manokwari,ID,1605237733,-0.87,134.08,84.87,4.54,67,78
167,nhulunbuy,AU,1605238318,-12.23,136.77,89.6,11.41,55,75
168,samana,DO,1605238318,19.21,-69.34,76.59,10.6,86,15
169,sur,OM,1605238141,22.57,59.53,73.85,4.23,59,0
170,bang saphan,TH,1605238319,11.21,99.51,81.0,3.36,100,90
171,paamiut,GL,1605238319,61.99,-49.67,30.81,15.52,83,82
172,katsuura,JP,1605238319,35.13,140.3,66.0,5.82,63,20
173,puerto cabezas,NI,1605238319,14.04,-83.39,76.17,7.25,93,69
174,kidal,ML,1605238320,18.44,1.41,66.96,11.45,25,0
175,santa isabel do rio negro,BR,1605238320,-0.41,-65.02,74.79,1.86,95,100
176,chokurdakh,RU,1605238320,70.63,147.92,-14.01,3.89,90,44
177,ashqelon,IL,1605238320,31.67,34.57,64.0,4.7,82,20
178,san policarpo,PH,1605238320,12.18,125.51,84.45,8.32,74,100
179,vezirkopru,TR,1605238321,41.14,35.45,26.6,1.23,86,0
180,bubaque,GW,1605238321,11.28,-15.83,83.86,6.31,70,0
181,wasilla,US,1605238214,61.58,-149.44,32.0,0.54,92,90
182,boyolangu,ID,1605238321,-8.12,111.89,87.37,7.38,66,28
183,udachnyy,RU,1605238322,66.42,112.4,12.2,6.71,92,90
184,westport,US,1605237569,41.14,-73.36,48.2,4.7,87,90
185,te anau,NZ,1605238322,-45.42,167.72,64.15,9.24,41,1
186,chicama,PE,1605237733,-7.84,-79.15,63.25,5.3,83,31
187,itarema,BR,1605238322,-2.92,-39.92,79.16,16.82,78,21
188,kaitangata,NZ,1605237736,-46.28,169.85,63.0,8.99,72,1
189,patur,IN,1605238323,20.45,76.93,79.11,6.78,63,57
190,san jose,US,1605238321,37.34,-121.89,52.0,2.48,72,0
191,spencer,US,1605238323,43.14,-95.14,12.99,6.93,78,1
192,berlevag,NO,1605237714,70.86,29.09,38.37,14.03,80,100
193,sitka,US,1605238323,57.05,-135.33,39.2,11.41,86,90
194,fort nelson,CA,1605238324,58.81,-122.7,3.2,2.24,84,5
195,raymondville,US,1605238137,26.48,-97.78,75.99,9.17,73,90
196,fasa,IR,1605238324,28.94,53.65,53.6,1.83,76,40
197,makakilo city,US,1605238324,21.35,-158.09,82.4,8.05,51,1
198,diu,IN,1605238324,20.71,70.98,80.28,14.07,36,0
199,chuy,UY,1605238325,-33.7,-53.46,64.81,8.55,88,100
200,kashi,CN,1605238325,39.45,75.98,39.2,11.18,29,20
201,iqaluit,CA,1605238244,63.75,-68.51,17.6,8.05,67,75
202,farafangana,MG,1605238325,-22.82,47.83,73.72,4.74,85,3
203,nantucket,US,1605238142,41.28,-70.1,52.0,11.41,87,40
204,tuatapere,NZ,1605238326,-46.13,167.68,69.28,4.9,36,10
205,ancud,CL,1605238326,-41.87,-73.82,53.01,6.93,93,90
206,deputatskiy,RU,1605237734,69.3,139.9,-15.97,1.9,90,29
207,lima,PE,1605238230,-12.04,-77.03,64.4,13.87,82,75
208,petropavlovsk-kamchatskiy,RU,1605238225,53.05,158.65,39.2,13.42,48,16
209,shingu,JP,1605238219,33.73,135.98,68.0,6.93,68,75
210,aksu,CN,1605238327,41.12,80.26,47.35,1.74,39,93
211,rognan,NO,1605238327,67.1,15.39,42.01,10.0,74,100
212,tsurib,RU,1605238328,42.24,46.83,32.67,2.91,75,25
213,hithadhoo,MV,1605238328,-0.6,73.08,81.82,20.11,80,100
214,marsh harbour,BS,1605238328,26.54,-77.06,79.27,14.97,82,100
215,caravelas,BR,1605238329,-17.71,-39.25,74.05,8.57,81,83
216,eldorado,BR,1605238109,-23.79,-54.28,71.26,2.95,74,1
217,alexandria,EG,1605238140,31.22,29.96,60.8,3.36,93,20
218,shimanovsk,RU,1605238329,52.0,127.7,29.82,8.1,90,0
219,coquimbo,CL,1605238131,-29.95,-71.34,55.4,4.7,87,49
220,bamiantong,CN,1605238330,44.93,130.53,41.76,20.83,58,0
221,birao,CF,1605238330,10.28,22.79,70.21,6.22,24,11
222,ponta do sol,PT,1605238330,32.67,-17.1,68.0,4.7,77,20
223,chukhloma,RU,1605238330,58.75,42.68,31.3,7.7,97,100
224,bermeo,ES,1605238331,43.42,-2.72,61.0,13.87,62,0
225,saint-philippe,RE,1605238331,-21.36,55.77,77.0,3.36,57,0
226,margate,GB,1605238214,51.38,1.39,53.01,5.99,81,93
227,burgeo,CA,1605238331,47.62,-57.62,41.81,10.2,70,100
228,hamilton,US,1605238203,39.18,-84.53,44.6,3.36,63,1
229,victoria,HK,1605238163,22.29,114.16,75.0,1.99,57,95
230,cotonou,BJ,1605238332,6.37,2.42,79.68,6.85,84,0
231,loiza,PR,1605238332,18.43,-65.88,77.0,3.36,88,20
232,kloulklubed,PW,1605238294,7.04,134.26,89.6,9.17,66,75
233,pisco,PE,1605238332,-13.7,-76.22,64.0,13.87,88,0
234,lao cai,VN,1605238333,22.48,103.95,80.96,2.13,45,0
235,yanam,IN,1605238333,16.73,82.22,80.6,5.82,74,36
236,la ciotat,FR,1605238333,43.17,5.6,57.99,5.46,92,16
237,half moon bay,US,1605238333,37.46,-122.43,52.0,10.29,87,20
238,belmonte,BR,1605238333,-15.86,-38.88,73.4,5.82,88,20
239,goderich,CA,1605238334,43.75,-81.72,35.6,4.7,63,99
240,isangel,VU,1605238334,-19.55,169.27,80.6,5.82,78,90
241,lasa,IT,1605238294,46.62,10.7,32.0,2.15,58,20
242,guarapari,BR,1605238334,-20.67,-40.5,77.0,5.82,78,75
243,wawa,NG,1605238334,9.9,4.42,72.46,5.23,41,0
244,husavik,IS,1605238049,66.04,-17.34,33.8,6.93,90,90
245,grand-bourg,GP,1605238335,15.88,-61.31,77.0,1.12,94,99
246,constitucion,CL,1605238335,-35.33,-72.42,55.27,8.57,81,100
247,wajima,JP,1605238335,37.4,136.9,60.8,8.05,63,40
248,blackwater,AU,1605238335,-23.58,148.88,92.35,9.73,28,6
249,merritt,CA,1605238336,50.11,-120.79,37.4,5.82,86,90
250,yataity del norte,PY,1605238336,-24.83,-56.35,71.73,3.24,73,1
251,camocim,BR,1605238336,-2.9,-40.84,77.9,10.42,78,1
252,sumbe,AO,1605238336,-11.21,13.84,75.78,6.69,84,52
253,ust-omchug,RU,1605238336,61.15,149.63,-12.59,3.09,85,20
254,iisalmi,FI,1605238337,63.56,27.19,37.4,8.05,93,90
255,camopi,GF,1605238249,3.17,-52.32,73.2,1.97,97,65
256,el limon,VE,1605238337,10.31,-67.63,72.57,2.44,90,20
257,kivertsi,UA,1605238337,50.83,25.46,41.0,11.99,98,100
258,linjiang,CN,1605238338,41.81,126.91,47.5,2.08,49,0
259,qasigiannguit,GL,1605238338,68.82,-51.19,21.2,10.29,62,84
260,tocopilla,CL,1605238200,-22.09,-70.2,61.57,3.44,55,0
261,baykalsk,RU,1605238338,51.51,104.15,40.87,3.58,78,87
262,colares,PT,1605238338,38.8,-9.45,61.0,6.11,82,95
263,kavaratti,IN,1605238258,10.57,72.64,84.2,4.7,74,20
264,luderitz,NA,1605238339,-26.65,15.16,60.39,8.86,78,0
265,hami,CN,1605238262,42.8,93.45,52.48,3.85,36,19
266,nampula,MZ,1605238339,-15.12,39.27,71.6,6.93,88,75
267,fortuna,US,1605238339,40.6,-124.16,46.99,5.82,93,75
268,tautira,PF,1605238340,-17.73,-149.15,80.6,13.87,74,75
269,monrovia,LR,1605238340,6.3,-10.8,77.45,2.51,85,1
270,mangrol,IN,1605238195,21.12,70.12,75.4,10.36,39,0
271,kryve ozero,UA,1605238340,47.95,30.35,34.12,5.73,88,99
272,san borja,BO,1605238340,-14.82,-66.85,74.16,4.47,97,100
273,port hardy,CA,1605238340,50.7,-127.42,44.6,5.82,93,90
274,nizhniy tsasuchey,RU,1605238341,50.52,115.13,34.74,3.49,73,24
275,baracoa,CU,1605238341,20.35,-74.5,79.05,11.41,85,77
276,inirida,CO,1605238307,3.87,-67.92,75.25,2.64,95,64
277,necochea,AR,1605238308,-38.55,-58.74,64.99,11.01,84,0
278,sijunjung,ID,1605238341,-0.69,100.95,88.92,3.78,53,88
279,sola,VU,1605238342,-13.88,167.55,77.0,7.78,94,90
280,inhambane,MZ,1605238342,-23.86,35.38,75.2,4.7,50,40
281,baker city,US,1605238342,44.77,-117.83,33.8,12.75,69,90
282,koumac,NC,1605238342,-20.57,164.28,81.37,5.44,62,12
283,akyab,MM,1605238342,20.15,92.9,83.5,5.1,59,0
284,bucerias,MX,1605238343,20.75,-105.33,77.0,2.24,78,5
285,ligayan,PH,1605238343,4.65,119.47,83.86,4.52,69,96
286,shache,CN,1605238343,38.42,77.24,46.92,1.41,38,25
287,esperance,AU,1605238257,-33.87,121.9,69.8,17.22,68,40
288,tura,IN,1605238344,25.52,90.22,79.88,2.53,55,0
289,sorland,NO,1605238344,67.67,12.69,47.59,20.67,82,100
290,lalibela,ET,1605238344,12.03,39.03,50.68,5.77,56,0
291,rawson,AR,1605238277,-43.3,-65.1,66.0,15.23,54,84
292,adrar,MR,1605238344,20.5,-10.07,74.19,6.15,20,3
293,zelenoborsk,RU,1605238345,61.47,64.03,19.11,9.57,94,100
294,manado,ID,1605238345,1.49,124.85,89.6,5.82,62,20
295,rock sound,BS,1605238345,24.9,-76.2,79.68,15.75,83,100
296,timra,SE,1605238345,62.49,17.33,41.0,5.82,86,100
297,ola,RU,1605238345,59.58,151.28,10.65,7.87,86,7
298,biltine,TD,1605238346,14.53,20.92,75.02,19.22,20,2
299,ponta delgada,PT,1605238346,37.73,-25.67,59.0,3.36,77,40
300,rundu,NA,1605238346,-17.93,19.77,67.51,3.78,73,100
301,kununurra,AU,1605238104,-15.77,128.73,98.6,13.87,42,48
302,zonguldak,TR,1605237753,41.25,31.83,43.05,2.44,79,41
303,kavieng,PG,1605238347,-2.57,150.8,85.14,5.19,66,68
304,kurilsk,RU,1605238347,45.23,147.88,48.6,14.36,85,56
305,twin falls,US,1605238347,42.35,-114.64,33.8,9.31,55,1
306,diamantino,BR,1605238347,-14.41,-56.45,74.12,1.7,82,71
307,tabou,CI,1605238348,4.42,-7.35,77.81,5.53,87,34
308,kamaishi,JP,1605238348,39.27,141.88,50.0,2.24,66,75
309,burnie,AU,1605238348,-41.07,145.92,60.01,11.99,60,64
310,pidvynohradiv,UA,1605238348,48.14,22.97,43.0,4.7,81,100
311,iquitos,PE,1605238348,-3.75,-73.25,77.0,1.12,88,40
312,ngunguru,NZ,1605238349,-35.62,174.5,65.44,10.33,68,14
313,estelle,US,1605238349,29.85,-90.11,68.0,6.11,80,0
314,vanavara,RU,1605238349,60.34,102.28,19.6,3.06,97,100
315,batemans bay,AU,1605238349,-35.72,150.18,71.01,5.01,61,63
316,vermilion,US,1605238349,40.17,-87.75,45.0,5.82,70,90
317,vetlanda,SE,1605238350,57.43,15.08,42.8,3.36,100,100
318,areosa,PT,1605238350,41.72,-8.86,61.0,11.41,76,0
319,sao gabriel da cachoeira,BR,1605238350,-0.13,-67.09,74.7,1.95,97,87
320,la ronge,CA,1605237753,55.1,-105.28,6.8,8.05,77,93
321,poum,NC,1605238350,-20.23,164.02,78.37,17.05,77,0
322,morondava,MG,1605238310,-20.28,44.28,75.16,6.44,76,0
323,walvis bay,NA,1605238351,-22.96,14.51,60.01,8.05,87,19
324,mecca,SA,1605238274,21.43,39.83,75.15,4.43,55,23
325,sinop,TR,1605238351,41.77,34.87,42.94,5.44,63,0
326,yonibana,SL,1605238352,8.44,-12.24,71.85,0.22,97,0
327,puerto escondido,MX,1605238352,15.85,-97.07,80.6,3.36,74,75
328,hays,US,1605238352,30.05,-98.03,64.99,4.76,89,0
329,iguape,BR,1605238352,-24.71,-47.56,70.56,5.66,94,93
330,nome,US,1605238353,64.5,-165.41,30.0,5.32,92,90
331,rakovski,BG,1605238353,42.3,24.97,39.99,6.93,80,75
332,chillan,CL,1605238160,-36.61,-72.1,59.0,4.7,77,100
333,shemgang,BT,1605238353,27.22,90.66,66.67,4.5,36,0
334,alyangula,AU,1605238353,-13.85,136.42,95.0,11.41,50,1
335,clyde river,CA,1605238354,70.47,-68.59,3.2,23.04,71,40
336,pringsewu,ID,1605238354,-5.36,104.97,88.97,4.81,59,97
337,alexander city,US,1605238125,32.94,-85.95,57.2,3.36,100,1
338,tombouctou,ML,1605238354,20.0,-3.0,71.92,7.56,21,0
339,plettenberg bay,ZA,1605238354,-34.05,23.37,70.43,3.71,46,0
340,bambous virieux,MU,1605238354,-20.34,57.76,79.0,3.36,88,40
341,lompoc,US,1605238113,34.64,-120.46,53.6,3.36,87,90
342,abeche,TD,1605238355,13.83,20.83,75.49,17.85,20,21
343,ust-ishim,RU,1605238355,57.69,71.17,21.92,5.1,97,100
344,antofagasta,CL,1605238355,-23.65,-70.4,60.8,11.41,77,40
345,imbituba,BR,1605238210,-28.24,-48.67,71.6,3.76,100,75
346,umuarama,BR,1605238356,-23.77,-53.33,70.03,1.95,84,1
347,vostok,RU,1605238356,46.49,135.88,24.15,12.71,98,100
348,kutum,SD,1605238356,14.2,24.67,59.5,11.81,34,7
349,carballo,ES,1605238356,43.21,-8.69,53.6,4.7,87,0
350,manta,EC,1605238356,-0.95,-80.73,73.4,13.87,78,0
351,sao joao de pirabas,BR,1605238357,-0.77,-47.18,78.64,6.31,85,64
352,grand gaube,MU,1605238357,-20.01,57.66,79.0,5.99,72,1
353,mercedes,AR,1605238243,-34.65,-59.43,64.0,4.0,80,49
354,laparay,PH,1605238358,7.4,122.82,82.99,3.13,71,45
355,shiloh,US,1605238358,38.56,-89.9,51.8,7.96,53,90
356,jalu,LY,1605238358,29.03,21.55,61.11,7.11,84,17
357,porto santo,PT,1605238358,33.07,-16.34,68.0,3.36,88,75
358,quatre cocos,MU,1605238359,-20.21,57.76,79.0,3.36,88,40
359,yamada,JP,1605238359,39.47,141.95,59.65,8.25,53,46
360,eureka,US,1605238067,40.8,-124.16,46.99,1.01,47,33
361,faya,SA,1605238359,18.39,42.45,57.2,1.3,100,20
362,dustlik,UZ,1605238359,40.52,68.04,42.4,1.32,61,14
363,cap malheureux,MU,1605238359,-19.98,57.61,79.0,5.99,72,0
364,along,IN,1605238360,28.17,94.77,75.42,0.34,37,0
365,kaeo,NZ,1605238360,-35.1,173.78,66.27,5.61,61,26
366,pizarro,CO,1605238360,4.95,-77.37,76.28,7.34,90,100
367,taybad,IR,1605238360,34.74,60.78,45.66,14.61,72,100
368,anadyr,RU,1605238222,64.75,177.48,24.8,2.24,79,40
369,carbonia,IT,1605238361,39.17,8.52,57.2,2.24,82,40
370,havoysund,NO,1605238361,71.0,24.66,39.2,19.46,68,0
371,winnemucca,US,1605238361,40.97,-117.74,26.6,5.82,79,1
372,arcata,US,1605238223,40.87,-124.08,46.99,5.41,87,90
373,conakry,GN,1605238361,9.54,-13.68,80.38,8.23,81,0
374,vaitape,PF,1605238362,-16.52,-151.75,80.74,8.48,73,62
375,hambantota,LK,1605238362,6.12,81.12,82.4,4.7,94,40
376,kasulu,TZ,1605238362,-4.58,30.1,63.37,0.96,88,11
377,sao raimundo nonato,BR,1605238362,-9.02,-42.7,76.23,0.49,57,0
378,yulara,AU,1605238362,-25.24,130.99,96.8,5.82,7,0
379,georgetown,MY,1605238363,5.41,100.34,87.8,5.82,79,20
380,inta,RU,1605238363,66.03,60.17,-3.75,2.44,92,12
381,conceicao do araguaia,BR,1605238363,-8.26,-49.26,76.01,1.19,84,0
382,pinawa,CA,1605238363,50.15,-95.88,12.72,4.59,92,61
383,beringovskiy,RU,1605238363,63.05,179.32,22.5,16.82,97,100
384,saquena,PE,1605238364,-4.67,-73.52,71.67,1.86,96,100
385,lake city,US,1605238364,30.19,-82.64,69.8,5.82,94,1
386,alice springs,AU,1605238251,-23.7,133.88,98.6,5.82,6,0
387,warren,US,1605238364,39.43,-84.17,41.0,4.7,86,1
388,nha trang,VN,1605238365,12.25,109.18,87.8,12.75,52,20
389,najran,SA,1605238365,17.49,44.13,59.0,2.33,47,0
390,anloga,GH,1605238365,5.79,0.9,78.8,3.36,88,20
391,college,US,1605238365,64.86,-147.8,12.0,1.21,84,40
392,abu dhabi,AE,1605238188,24.47,54.37,78.8,4.7,54,0
393,mount gambier,AU,1605238262,-37.83,140.77,62.6,18.34,67,75
394,karratha,AU,1605238296,-20.74,116.85,96.66,16.78,19,0
395,rabo de peixe,PT,1605238366,37.8,-25.58,59.0,3.36,77,40
396,kharan,PK,1605238366,28.58,65.42,70.74,5.79,26,1
397,jember,ID,1605238300,-8.17,113.7,89.4,5.03,62,24
398,mount pleasant,US,1605238366,32.79,-79.86,70.0,12.75,94,90
399,buraydah,SA,1605238367,26.33,43.98,66.2,16.11,100,40
400,laela,TZ,1605238367,-8.57,32.05,66.07,1.61,79,95
401,comodoro rivadavia,AR,1605238367,-45.87,-67.5,64.4,13.87,36,0
402,la mana,EC,1605238367,-0.93,-79.22,71.08,0.96,70,84
403,vangaindrano,MG,1605238368,-23.35,47.6,73.44,9.24,88,23
404,sarangani,PH,1605238368,5.4,125.46,84.27,15.52,77,47
405,stokmarknes,NO,1605238368,68.56,14.91,45.0,4.0,78,100
406,praia,CV,1605238368,14.92,-23.51,77.0,10.29,73,0
407,ulaanbaatar,MN,1605238224,47.91,106.88,30.2,2.24,42,0
408,amparafaravola,MG,1605238369,-17.58,48.22,73.58,2.17,68,37
409,mokrous,RU,1605238369,51.23,47.52,25.72,10.25,97,37
410,brainerd,US,1605238102,46.36,-94.2,24.01,8.05,62,90
411,buenos aires,AR,1605238369,-34.61,-58.38,69.01,13.87,82,40
412,statesville,US,1605238370,35.78,-80.89,62.6,5.82,100,90
413,odweyne,SO,1605238370,9.41,45.06,68.54,7.4,34,68
414,kenora,CA,1605238092,49.82,-94.43,17.6,6.93,85,90
415,dzilam gonzalez,MX,1605238370,21.28,-88.93,74.64,3.47,96,38
416,novikovo,RU,1605238370,51.15,37.89,29.7,2.1,94,0
417,nobres,BR,1605238371,-14.72,-56.33,73.51,1.07,86,46
418,lorengau,PG,1605238371,-2.02,147.27,85.71,7.16,67,99
419,hargeysa,SO,1605238371,9.56,44.06,59.4,12.39,88,26
420,shahrud,IR,1605238371,36.42,54.98,42.6,8.46,64,98
421,kampot,KH,1605238372,10.62,104.18,86.0,9.17,62,20
422,praya,CV,1605238262,14.92,-23.51,77.0,10.29,73,0
423,thayetmyo,MM,1605238372,19.32,95.18,82.65,7.94,65,0
424,manakara,MG,1605238372,-22.13,48.02,73.22,3.09,87,30
425,namatanai,PG,1605238372,-3.67,152.43,84.09,5.28,73,64
426,florianopolis,BR,1605238261,-27.61,-48.5,71.6,2.8,100,75
427,itacare,BR,1605238373,-14.28,-39.0,80.6,6.93,78,40
428,alofi,NU,1605238373,-19.06,-169.92,84.2,11.41,66,75
429,lakes entrance,AU,1605238373,-37.88,147.98,69.01,5.01,66,14
430,trincomalee,LK,1605238373,8.57,81.23,83.75,12.01,78,85
431,aranos,NA,1605238374,-24.13,19.12,69.4,10.85,59,0
432,oussouye,SN,1605238354,12.48,-16.55,73.4,2.24,94,0
433,gizo,SB,1605238374,-8.1,156.84,83.05,1.59,71,91
434,savonlinna,FI,1605238374,61.87,28.88,39.2,3.36,80,90
435,ambovombe,MG,1605238375,-25.17,46.08,71.53,10.6,73,35
436,lagunas,PE,1605238375,-5.23,-75.68,72.39,1.19,91,100
437,wana,PK,1605238375,32.3,69.57,61.3,1.57,30,2
438,khromtau,KZ,1605238375,50.25,58.43,22.68,17.63,94,98
439,salalah,OM,1605238156,17.02,54.09,73.49,2.86,70,1
440,manicore,BR,1605238376,-5.81,-61.3,77.0,2.24,100,0
441,bogorodsk,RU,1605238376,56.1,43.52,30.2,11.18,92,40
442,talnakh,RU,1605238376,69.49,88.4,-7.6,24.61,83,4
443,halifax,CA,1605238234,44.65,-63.57,48.2,6.93,93,100
444,biak,ID,1605238377,-0.91,122.88,86.67,2.17,62,4
445,gogrial,SS,1605238377,8.53,28.1,73.62,4.41,43,2
446,altay,CN,1605238377,47.87,88.12,38.01,1.16,78,100
447,zeya,RU,1605238377,53.75,127.27,29.43,3.27,87,0
448,katherine,AU,1605238378,-14.47,132.27,96.8,17.22,30,0
449,marrakesh,MA,1605238332,31.63,-8.01,60.8,12.75,82,75
450,shu,KZ,1605238378,43.6,73.76,36.0,1.01,81,92
451,babylon,US,1605238378,40.7,-73.33,48.99,8.05,87,90
452,egvekinot,RU,1605238379,66.32,-179.17,14.14,19.55,93,100
453,ossora,RU,1605238379,59.24,163.07,22.19,4.25,83,20
454,yuanping,CN,1605238379,38.72,112.76,53.1,4.52,40,25
455,cayenne,GF,1605238205,4.93,-52.33,77.0,2.24,100,75
456,mokhsogollokh,RU,1605238379,61.47,128.92,21.18,2.33,97,100
457,campbell river,CA,1605238202,50.02,-125.24,39.2,5.82,100,90
458,prainha,BR,1605238380,-1.8,-53.48,76.98,4.36,81,11
459,omboue,GA,1605238380,-1.57,9.26,75.78,5.1,90,98
460,tarko-sale,RU,1605238368,64.92,77.78,-7.01,8.77,83,94
461,peniche,PT,1605238262,39.36,-9.38,60.01,3.0,86,99
462,meadow lake,US,1605238381,34.8,-106.54,46.4,1.36,22,75
463,gushikawa,JP,1605238381,26.35,127.87,75.2,20.8,69,75
464,berbera,SO,1605238381,10.44,45.01,78.03,6.98,64,29
465,bilma,NE,1605238381,18.69,12.92,68.32,9.15,32,0
466,saint-leu,RE,1605238381,-21.15,55.28,77.0,3.36,57,0
467,kasane,BW,1605238382,-17.82,25.15,68.76,7.74,74,72
468,mongo,TD,1605238382,12.18,18.69,77.47,7.76,26,56
469,muzhi,RU,1605238382,65.37,64.67,-3.98,4.92,92,94
470,arona,ES,1605238382,28.1,-16.68,71.01,8.05,83,0
471,palm valley,US,1605238268,30.18,-81.39,75.0,1.99,1,5
472,coihaique,CL,1605238187,-45.58,-72.07,48.2,1.12,87,90
473,izumo,JP,1605238383,35.37,132.77,62.6,4.7,67,20
474,shaunavon,CA,1605238383,49.65,-108.42,14.0,9.17,85,100
475,morehead,US,1605238383,37.27,-87.18,42.8,3.33,86,1
476,nicoya,CR,1605238203,10.15,-85.45,77.0,3.36,100,0
477,uyemskiy,RU,1605238384,64.47,40.85,33.8,8.95,100,90
478,ibra,OM,1605238384,22.69,58.53,74.03,1.16,28,0
479,kumluca,TR,1605238384,36.37,30.29,63.97,4.61,54,0
480,acari,PE,1605238384,-15.43,-74.62,63.81,2.93,68,74
481,severnyy,RU,1605238385,50.68,36.55,23.0,2.24,100,0
482,road town,VG,1605238221,18.42,-64.62,80.01,15.01,83,55
483,eston,CA,1605238385,51.15,-108.75,21.2,16.11,85,75
484,samsun,TR,1605238386,41.25,36.33,39.2,2.24,93,0
485,namibe,AO,1605238386,-15.2,12.15,71.22,5.12,79,58
486,sadove,UA,1605238386,46.25,30.18,48.2,8.95,66,0
487,san roque,ES,1605238386,36.21,-5.38,64.4,11.41,93,92
488,nemuro,JP,1605238386,43.32,145.57,51.8,10.29,62,75
489,den helder,NL,1605238387,52.96,4.76,46.99,10.29,93,90
490,grand-santi,GF,1605238387,4.25,-54.38,73.81,2.89,97,41
491,dongsheng,CN,1605238387,39.82,109.98,48.45,14.65,51,78
492,terre haute,US,1605238154,39.47,-87.41,41.0,4.47,64,75
493,yarada,IN,1605238387,17.65,83.27,84.2,5.82,51,40
494,candolim,IN,1605238388,15.52,73.76,78.8,5.82,78,20
495,turbat,PK,1605238349,26.0,63.04,79.09,3.71,27,0
496,hisar,IN,1605238388,29.17,75.72,74.88,0.92,22,0
497,chkalovskoye,RU,1605238388,44.84,133.04,37.83,15.82,74,97
498,capinopolis,BR,1605238388,-18.68,-49.57,75.51,2.62,70,100
499,ugoofaaru,MV,1605238389,5.67,73.0,82.71,5.48,69,99
500,muli,MV,1605238389,2.92,73.57,82.96,7.47,73,100
501,loei,TH,1605238389,17.42,101.5,80.6,3.36,54,0
502,srednekolymsk,RU,1605238389,67.45,153.68,-12.77,3.22,89,99
503,kollam,IN,1605238389,8.88,76.6,80.6,5.46,100,90
504,sao filipe,CV,1605238390,14.9,-24.5,80.82,3.22,60,0
505,gat,IL,1605238141,31.61,34.76,64.0,4.7,82,20
506,henties bay,NA,1605238390,-22.12,14.28,60.01,6.08,89,19
507,baherden,TM,1605238390,38.44,57.43,43.54,3.83,58,33
508,opuwo,NA,1605238300,-18.06,13.84,69.42,5.06,70,100
509,nabire,ID,1605238391,-3.37,135.48,87.24,7.02,63,96
510,buritis,BR,1605238097,-15.62,-46.42,73.08,1.97,84,100
511,novaya mayna,RU,1605238391,54.15,49.75,32.0,13.42,94,90
512,neiafu,TO,1605238391,-18.65,-173.98,80.6,9.17,83,75
513,buluang,PH,1605238392,13.31,123.34,88.54,3.69,62,21
514,veraval,IN,1605238392,20.9,70.37,80.67,11.27,35,0
515,chauk,MM,1605238392,20.88,94.82,83.01,11.61,59,0
516,alta floresta,BR,1605238384,-9.88,-56.09,70.63,3.33,96,100
517,maues,BR,1605238392,-3.38,-57.72,78.69,2.51,76,74
518,chernyshevskiy,RU,1605238392,63.01,112.47,20.62,9.93,97,99
519,kalmunai,LK,1605238393,7.42,81.82,84.61,4.65,71,71
520,sault sainte marie,CA,1605238269,46.52,-84.33,42.8,3.36,75,90
521,san jeronimo,PE,1605238393,-11.95,-75.28,51.51,0.74,71,100
522,excelsior springs,US,1605238393,39.34,-94.23,36.0,9.17,80,90
523,sovetskaya,RU,1605238394,44.78,41.17,25.59,6.89,98,25
524,jaroslaw,PL,1605238394,50.02,22.68,42.01,5.61,97,97
525,maragogi,BR,1605238394,-9.01,-35.22,75.29,7.38,83,1
526,panjakent,TJ,1605238394,39.5,67.61,39.2,4.7,86,75
527,caraballeda,VE,1605238394,10.61,-66.85,78.8,4.7,88,20
528,tolstoy-yurt,RU,1605238395,43.44,45.77,24.8,4.47,79,0
529,blagoveshchensk,RU,1605238395,50.27,127.53,37.4,11.18,44,0
530,tual,ID,1605238395,-5.67,132.75,83.86,4.85,71,99
531,bayir,TR,1605238395,37.27,28.22,48.2,3.36,93,0
532,vila nova de milfontes,PT,1605238396,37.72,-8.78,60.01,8.99,83,99
533,cabedelo,BR,1605238396,-6.98,-34.83,75.2,4.7,88,20
534,aykhal,RU,1605238396,66.0,111.5,12.2,6.71,92,90
535,gairo,IT,1605238396,39.85,9.5,60.8,8.05,82,20
536,onega,RU,1605238397,63.91,38.14,36.64,7.27,95,100
537,jinchang,CN,1605238397,38.5,102.17,49.05,3.11,46,10
538,kashan,IR,1605238397,33.98,51.44,51.66,4.52,77,97
539,neyshabur,IR,1605238398,36.21,58.8,45.86,2.73,67,100
540,bac lieu,VN,1605238398,9.29,105.72,83.98,7.87,74,100
541,nanyamba,TZ,1605238398,-10.68,39.83,74.79,2.77,87,88
542,okhotsk,RU,1605238289,59.38,143.3,14.49,7.83,88,100
543,cartagena,CO,1605238204,10.4,-75.51,82.4,4.7,88,40
544,mabaruma,GY,1605238398,8.2,-59.78,74.07,2.77,98,47
545,emba,KZ,1605238399,48.83,58.14,25.48,12.62,91,83
546,matara,LK,1605238399,5.95,80.54,85.91,2.95,65,47
547,olafsvik,IS,1605238399,64.89,-23.71,37.8,18.14,95,99
548,basco,PH,1605238399,20.45,121.97,78.76,21.0,87,88
549,nunchia,CO,1605238400,5.64,-72.2,72.93,4.47,87,100
550,broome,US,1605238400,42.25,-75.83,32.0,5.82,90,1
551,bowmore,US,1605238400,34.94,-79.3,66.2,6.93,88,90
552,getulio vargas,UY,1605238400,-32.68,-53.55,65.3,5.88,84,100
553,vila velha,BR,1605238400,-20.33,-40.29,77.0,5.82,78,75
554,evreux,FR,1605238401,49.02,1.15,50.0,8.05,93,90
555,marquette,US,1605238401,46.53,-87.63,33.01,6.31,92,100
556,besikduzu,TR,1605238401,41.05,39.23,55.4,12.75,54,40
557,brandon,US,1605238259,27.94,-82.29,75.99,4.23,88,90
558,valley city,US,1605238356,46.92,-98.0,10.4,4.7,85,1
559,port-gentil,GA,1605238402,-0.72,8.78,79.72,7.9,82,96
560,havelock,US,1605238402,34.88,-76.9,69.01,14.99,93,40
561,saint-georges,GD,1605238402,12.06,-61.75,80.6,6.93,83,20
562,paris,FR,1605237675,48.85,2.35,50.0,4.7,100,90
563,lyuban,BY,1605238403,52.8,28.0,38.26,8.48,81,100
564,honiara,SB,1605238273,-9.43,159.95,87.8,5.82,62,75
565,bileca,BA,1605238403,42.87,18.43,53.6,5.82,87,0
566,encheng,CN,1605238185,22.18,112.3,77.0,12.55,37,30
567,strezhevoy,RU,1605238403,60.73,77.59,19.4,2.24,85,75
568,port lincoln,AU,1605238404,-34.73,135.87,59.4,13.18,62,99
569,kemi,FI,1605238404,65.86,24.82,41.0,10.29,93,90
570,bafq,IR,1605238404,31.61,55.41,60.37,9.01,65,100
571,saint-joseph,RE,1605238405,-21.37,55.62,77.0,3.36,57,0
572,mackay,AU,1605238118,-21.15,149.2,86.0,16.11,55,40
